Country,Revenue,Orders,Quantity,AOV
United Kingdom,8491968.664,21001,4396940,404.3602049426218
Netherlands,283479.54,96,199934,2952.911875
EIRE,264838.46,349,142366,758.8494555873926
Germany,200808.4,578,116341,347.41937716262976
France,182349.39,442,109693,412.55518099547515
Australia,136990.0,67,83345,2044.6268656716418
Switzerland,52505.35,68,30227,772.1374999999999
Spain,51765.2,100,26607,517.6519999999999
Belgium,36662.96,117,22880,313.35863247863244
Japan,35419.79,25,25221,1416.7916
Sweden,35176.91,42,35599,837.5454761904763
Norway,32292.96,34,19188,949.7929411764705
Portugal,26871.52,56,16082,479.84857142857146
Channel Islands,20086.29,31,9479,647.9448387096775
Finland,18303.54,44,10575,415.98954545454546
Denmark,18042.14,20,8147,902.107
Italy,15276.34,49,7957,311.76204081632653
Cyprus,12931.29,17,6316,760.6641176470589
Hong Kong,9942.04,8,4767,1242.755
Singapore,9120.39,4,5234,2280.0975
Austria,8698.32,19,4790,457.8063157894737
Israel,7907.82,9,4353,878.6466666666666
Poland,6853.14,24,3644,285.5475
Unspecified,4749.79,13,3300,365.36846153846153
Greece,4425.52,5,1550,885.104
Iceland,4310.0,7,2458,615.7142857142857
Canada,3115.44,5,2762,623.088
Malta,1980.47,9,934,220.0522222222222
United Arab Emirates,1864.78,2,981,932.39
USA,1730.92,7,1034,247.27428571428572
Lebanon,1693.88,1,386,1693.88
Lithuania,1661.06,4,652,415.265
European Community,1150.75,4,488,287.6875
Brazil,1143.6,1,356,1143.6
RSA,1002.3100000000001,1,351,1002.3100000000001
Czech Republic,671.72,4,592,167.93
Bahrain,548.4,4,260,137.1
Saudi Arabia,131.17,2,75,65.585
